[
    {
        "name":"Jaikumar",
        "YearsOfExperience":"7",
        "TrainingDelivered":"30",
        "technologyKnown": "java",
        "feeStructure":"10000",
        "Action":"propose training"
    },
    {
        "name":"Om",
        "YearsOfExperience":"17",
        "TrainingDelivered":"50",
        "technologyKnown": "dotnet",
        "feeStructure":"10000",
        "Action":"propose training"
    },
    {
        "name":"Isha",
        "YearsOfExperience":"7",
        "TrainingDelivered":"30",
        "technologyKnown": "spring",
        "feeStructure":"10000",
        "Action":"propose training"
    },
    {
        "name":"Ravi thatikonda",
        "YearsOfExperience":"7",
        "TrainingDelivered":"30",
        "technologyKnown": "jdbc",
        "feeStructure":"10000",
        "Action":"propose training"
    },
    {
        "name":"Nishanth",
        "YearsOfExperience":"20",
        "TrainingDelivered":"40",
        "technologyKnown": "oracle",
        "feeStructure":"40000",
        "Action":"propose training"
    },
    {
        "name":"Kousalya",
        "YearsOfExperience":"40",
        "TrainingDelivered":"70",
        "technologyKnown": "spring",
        "feeStructure":"30000",
        "Action":"propose training"
    }
]